2019/October/3254198.txt|சீனாவின் ஏற்றுமதி, இறக்குமதி குறைந்தது!|world|முகப்பு,உலகம்
2019/October/3253994.txt|ஒலிம்பிக்ஸுக்கு இந்த கிரிக்கெட் தான் பொருத்தமாக இருக்கும்: சாஹித் அஃப்ரிடி கருத்து|sports|முகப்பு,விளையாட்டு,செய்திகள்
2019/October/3253466.txt|அப்பாவிகளை அடிமையாக்கும் இணையதள லாட்டரி|tamilnadu|முகப்பு,தமிழ்நாடு
2019/October/3253978.txt|கவின் - லாஸ்லியா ஜோடிக்குப் புதிய வாய்ப்பு!|cinema|முகப்பு,சினிமா,செய்திகள்
0000/00/3252608.txt|2019 குருப்பெயர்ச்சியால் 100 சதவீதம் நன்மையடையும் 3 ராசிகள்!|religion|முகப்பு,ஆன்மிகம்,செய்திகள்
0000/00/3252596.txt|புரட்டாசி பௌர்ணமி: திருவண்ணாமலையில் கிரிவலம் வர உகந்த நேரம் இதுதான்!|religion|முகப்பு,ஆன்மிகம்,செய்திகள்
0000/00/3252241.txt|திருவண்ணாமலையில் நாளை கிரிவலம் வர உகந்த நேரம்|religion|முகப்பு,ஆன்மிகம்,செய்திகள்
2019/August/3224370.txt|நவீன தொழில்நுட்பங்களுடன் "பிக்அப்' வாகனம் அறிமுகம்|all-editions|முகப்பு,அனைத்துப் பதிப்புகள்,பெங்களூரு,பெங்களூரு
2019/October/3248073.txt|15 நாள்கள் வாகன உற்பத்தி நிறுத்தம்: அசோக் லேலண்ட்|business|முகப்பு,வர்த்தகம்
2019/October/3254351.txt|ஜம்மு-காஷ்மீரில் மீண்டும் ஒலிக்கத் தொடங்கின செல்லிடப்பேசிகள்!|india|முகப்பு,இந்தியா
2019/October/3253473.txt|தமிழ் இலக்கியங்களில் தேசிய இயக்கத்தின் தாக்கம்|specials|முகப்பு,ஸ்பெஷல்ஸ்,நூல் அரங்கம்
2019/October/3252646.txt|விஜய் நடித்துள்ள பிகில் படத்தின் டிரெய்லர் வெளியீடு!|cinema|முகப்பு,சினிமா,செய்திகள்
2019/October/3254295.txt|எல்லையில் ஆளில்லா உளவு விமானங்களை அழிக்க அதிநவீன தொழில்நுட்பம் தேவை: பிஎஸ்எஃப்|india|முகப்பு,இந்தியா
2019/October/3254029.txt|இயற்கை விவசாயம் குறித்து விழிப்புணா்வு ஏற்படுத்த வேண்டும்|all-editions|முகப்பு,அனைத்துப் பதிப்புகள்,நாகப்பட்டினம்,காரைக்கால்
2019/August/3224372.txt|"மனித இனம் அழியாமல் பாதுகாக்க இனக் கவர்ச்சி அவசியம்'|all-editions|முகப்பு,அனைத்துப் பதிப்புகள்,பெங்களூரு,பெங்களூரு
2019/October/3253983.txt|ரஜினி படத்துக்கு இசையமைக்கும் இமான்: அறிவிப்பு எப்போது வெளிவரும்?|cinema|முகப்பு,சினிமா,செய்திகள்
2019/September/3227038.txt|பஜாஜ் ஆட்டோ விற்பனை 11% குறைவு|business|முகப்பு,வர்த்தகம்
2019/October/3254302.txt|இஸ்லாமியா்களுக்கு உறுதுணையாக இருக்கும் அதிமுக அரசு: முதல்வா் எடப்பாடி கே.பழனிசாமி|tamilnadu|முகப்பு,தமிழ்நாடு
0000/00/3253290.txt|வறண்ட சருமம் உள்ளவர்கள் முக வறட்சி நீங்க இதை செய்யுங்கள்!|lifestyle|முகப்பு,லைஃப்ஸ்டைல்,அழகே அழகு
2019/October/3249843.txt|கீழடி ஸ்பெஷல்: சங்க கால மக்களின் எழுத்தறிவு கீறல்கள் / குறியீடுகள் |keezhadi-special|முகப்பு,கீழடி ஸ்பெஷல்!
2019/October/3253889.txt|மழையால் சேதமடைந்த சாலைகளை சீரமைக்க தமாகா வலியுறுத்தல்|all-editions|முகப்பு,அனைத்துப் பதிப்புகள்,தருமபுரி,கிருஷ்ணகிரி
2019/October/3254486.txt|போலியோ நிவாரண நிதி வழங்கிய பள்ளிக்குப் பாராட்டு|all-editions|முகப்பு,அனைத்துப் பதிப்புகள்,நாகப்பட்டினம்,காரைக்கால்
2019/October/3254620.txt|உதித் சூர்யாவை போலீஸ் காவலில் எடுக்காதது ஏன்? இந்த வழக்கில் தந்தைதான் வில்லன்: நீதிமன்றம்|tamilnadu|முகப்பு,தமிழ்நாடு
